"Year","Location Description","Data Source","Topic Description","Measure Description","Source","Data Value Unit","Data Value","Funding Cycle"
"2015","Illinois","UIC","Funding","Appropriations/Grants","State","$","11,100,000.00","07/14-06/15†"
"2015","Illinois","UIC","Funding","Appropriations/Grants","Federal","$","2,849,596.00","04/14-03/15‡"
"2015","Illinois","UIC","Funding","Appropriations/Grants","American Legacy Foundation","$","0.00",""
"2015","Illinois","UIC","Funding","Appropriations/Grants","Robert Wood Johnson Foundation","$","0.00",""
"2015","Illinois","UIC","Funding","Appropriations/Grants","Total","$","13,949,596.00",""
"2015","Illinois","UIC","Funding","Appropriations/Grants","Total Per Capita","$","1.09",""
"2014","Illinois","UIC","Funding","Appropriations/Grants","State","$","11,100,000.00","07/13-06/14†"
"2014","Illinois","UIC","Funding","Appropriations/Grants","Federal","$","2,539,983.00","04/13-03/14‡"
"2014","Illinois","UIC","Funding","Appropriations/Grants","American Legacy Foundation","$","0.00",""
"2014","Illinois","UIC","Funding","Appropriations/Grants","Robert Wood Johnson Foundation","$","0.00",""
"2014","Illinois","UIC","Funding","Appropriations/Grants","Total","$","13,639,983.00",""
"2014","Illinois","UIC","Funding","Appropriations/Grants","Total Per Capita","$","1.06",""
"2013","Illinois","UIC","Funding","Appropriations/Grants","State","$","11,100,000.00","07/12-06/13†"
"2013","Illinois","UIC","Funding","Appropriations/Grants","Federal","$","2,566,499.00","04/12-03/13‡"
"2013","Illinois","UIC","Funding","Appropriations/Grants","American Legacy Foundation","$","0.00",""
"2013","Illinois","UIC","Funding","Appropriations/Grants","Robert Wood Johnson Foundation","$","0.00",""
"2013","Illinois","UIC","Funding","Appropriations/Grants","Total","$","13,666,499.00",""
"2013","Illinois","UIC","Funding","Appropriations/Grants","Total Per Capita","$","1.06",""
"2012","Illinois","UIC","Funding","Appropriations/Grants","State","$","9,500,000.00","07/11-06/12†"
"2012","Illinois","UIC","Funding","Appropriations/Grants","Federal","$","8,488,840.00","04/11-03/12‡"
"2012","Illinois","UIC","Funding","Appropriations/Grants","American Legacy Foundation","$","0.00",""
"2012","Illinois","UIC","Funding","Appropriations/Grants","Robert Wood Johnson Foundation","$","0.00",""
"2012","Illinois","UIC","Funding","Appropriations/Grants","Total","$","17,988,840.00",""
"2012","Illinois","UIC","Funding","Appropriations/Grants","Total Per Capita","$","1.40",""
"2011","Illinois","UIC","Funding","Appropriations/Grants","State","$","9,500,000.00","07/10-06/11†"
"2011","Illinois","UIC","Funding","Appropriations/Grants","Federal","$","8,863,214.00","04/10-03/11‡"
"2011","Illinois","UIC","Funding","Appropriations/Grants","American Legacy Foundation","$","11,120.00","07/10-06/11"
"2011","Illinois","UIC","Funding","Appropriations/Grants","Robert Wood Johnson Foundation","$","8,250.00","07/10-06/11"
"2011","Illinois","UIC","Funding","Appropriations/Grants","Total","$","18,382,584.00",""
"2011","Illinois","UIC","Funding","Appropriations/Grants","Total Per Capita","$","1.43",""
"2010","Illinois","UIC","Funding","Appropriations/Grants","State","$","8,500,000.00","07/09-06/10†"
"2010","Illinois","UIC","Funding","Appropriations/Grants","Federal","$","1,793,978.00","04/09-03/10‡"
"2010","Illinois","UIC","Funding","Appropriations/Grants","American Legacy Foundation","$","84,178.00","07/09-06/10"
"2010","Illinois","UIC","Funding","Appropriations/Grants","Robert Wood Johnson Foundation","$","8,250.00","07/09-06/10"
"2010","Illinois","UIC","Funding","Appropriations/Grants","Total","$","10,386,406.00",""
"2010","Illinois","UIC","Funding","Appropriations/Grants","Total Per Capita","$","0.81",""
"2009","Illinois","UIC","Funding","Appropriations/Grants","State","$","8,500,000.00","07/08-06/09†"
"2009","Illinois","UIC","Funding","Appropriations/Grants","Federal","$","972,977.00","07/08-03/09‡"
"2009","Illinois","UIC","Funding","Appropriations/Grants","American Legacy Foundation","$","97,110.00","07/08-06/09"
"2009","Illinois","UIC","Funding","Appropriations/Grants","Robert Wood Johnson Foundation","$","90,850.00","07/08-06/09"
"2009","Illinois","UIC","Funding","Appropriations/Grants","Total","$","9,660,937.00",""
"2009","Illinois","UIC","Funding","Appropriations/Grants","Total Per Capita","$","0.76",""
"2008","Illinois","UIC","Funding","Appropriations/Grants","State","$","8,500,000.00","07/07-06/08†"
"2008","Illinois","UIC","Funding","Appropriations/Grants","Federal","$","1,297,303.00","07/07-06/08‡"
"2008","Illinois","UIC","Funding","Appropriations/Grants","American Legacy Foundation","$","106,054.00","07/07-06/08"
"2008","Illinois","UIC","Funding","Appropriations/Grants","Robert Wood Johnson Foundation","$","153,985.00","07/07-06/08"
"2008","Illinois","UIC","Funding","Appropriations/Grants","Total","$","10,057,342.00",""
"2008","Illinois","UIC","Funding","Appropriations/Grants","Total Per Capita","$","0.79",""
"2007","Illinois","UIC","Funding","Appropriations/Grants","State","$","8,500,000.00","07/06-06/07†"
"2007","Illinois","UIC","Funding","Appropriations/Grants","Federal","$","1,286,150.00","07/06-06/07‡"
"2007","Illinois","UIC","Funding","Appropriations/Grants","American Legacy Foundation","$","122,933.00","07/06-06/07"
"2007","Illinois","UIC","Funding","Appropriations/Grants","Robert Wood Johnson Foundation","$","122,839.00","07/06-06/07"
"2007","Illinois","UIC","Funding","Appropriations/Grants","Total","$","10,031,922.00",""
"2007","Illinois","UIC","Funding","Appropriations/Grants","Total Per Capita","$","0.79",""
"2006","Illinois","UIC","Funding","Appropriations/Grants","State","$","11,000,000.00","07/05-06/06†"
"2006","Illinois","UIC","Funding","Appropriations/Grants","Federal","$","1,401,150.00","07/05-06/06‡"
"2006","Illinois","UIC","Funding","Appropriations/Grants","American Legacy Foundation","$","147,107.00","07/05-06/06"
"2006","Illinois","UIC","Funding","Appropriations/Grants","Robert Wood Johnson Foundation","$","115,701.00","07/05-06/06"
"2006","Illinois","UIC","Funding","Appropriations/Grants","Total","$","12,663,958.00",""
"2006","Illinois","UIC","Funding","Appropriations/Grants","Total Per Capita","$","1.00",""
"2005","Illinois","UIC","Funding","Appropriations/Grants","State","$","11,000,000.00","07/04-06/05†"
"2005","Illinois","UIC","Funding","Appropriations/Grants","Federal","$","1,895,375.00","06/04-05/05‡"
"2005","Illinois","UIC","Funding","Appropriations/Grants","American Legacy Foundation","$","249,620.00","07/04-06/05"
"2005","Illinois","UIC","Funding","Appropriations/Grants","Robert Wood Johnson Foundation","$","40,513.00","07/04-06/05"
"2005","Illinois","UIC","Funding","Appropriations/Grants","Total","$","13,185,508.00",""
"2005","Illinois","UIC","Funding","Appropriations/Grants","Total Per Capita","$","1.05",""
"2004","Illinois","UIC","Funding","Appropriations/Grants","State","$","12,000,000.00","07/03-06/04†"
"2004","Illinois","UIC","Funding","Appropriations/Grants","Federal","$","1,655,281.00","06/03-05/04‡"
"2004","Illinois","UIC","Funding","Appropriations/Grants","American Legacy Foundation","$","226,928.00","07/03-06/04"
"2004","Illinois","UIC","Funding","Appropriations/Grants","Robert Wood Johnson Foundation","$","313,624.00","07/03-06/04"
"2004","Illinois","UIC","Funding","Appropriations/Grants","Total","$","14,195,833.00",""
"2004","Illinois","UIC","Funding","Appropriations/Grants","Total Per Capita","$","1.13",""
"2003","Illinois","UIC","Funding","Appropriations/Grants","State","$","12,000,000.00","07/02-06/03†"
"2003","Illinois","UIC","Funding","Appropriations/Grants","Federal","$","1,655,389.00","06/02-05/03‡"
"2003","Illinois","UIC","Funding","Appropriations/Grants","American Legacy Foundation","$","146,270.00","07/02-06/03"
"2003","Illinois","UIC","Funding","Appropriations/Grants","Robert Wood Johnson Foundation","$","522,540.00","07/02-06/03"
"2003","Illinois","UIC","Funding","Appropriations/Grants","Total","$","14,324,199.00",""
"2003","Illinois","UIC","Funding","Appropriations/Grants","Total Per Capita","$","1.14",""
"2002","Illinois","UIC","Funding","Appropriations/Grants","State","$","46,700,000.00","07/01-06/02†"
"2002","Illinois","UIC","Funding","Appropriations/Grants","Federal","$","1,655,389.00","06/01-05/02‡"
"2002","Illinois","UIC","Funding","Appropriations/Grants","American Legacy Foundation","$","45,667.00","07/01-06/02"
"2002","Illinois","UIC","Funding","Appropriations/Grants","Robert Wood Johnson Foundation","$","355,407.00","07/01-06/02"
"2002","Illinois","UIC","Funding","Appropriations/Grants","Total","$","48,756,463.00",""
"2002","Illinois","UIC","Funding","Appropriations/Grants","Total Per Capita","$","3.89",""
"2015","Indiana","UIC","Funding","Appropriations/Grants","State","$","5,750,000.00","07/14-06/15†"
"2015","Indiana","UIC","Funding","Appropriations/Grants","Federal","$","2,004,333.00","04/14-03/15‡"
"2015","Indiana","UIC","Funding","Appropriations/Grants","American Legacy Foundation","$","0.00",""
"2015","Indiana","UIC","Funding","Appropriations/Grants","Robert Wood Johnson Foundation","$","0.00",""
"2015","Indiana","UIC","Funding","Appropriations/Grants","Total","$","7,754,333.00",""
"2015","Indiana","UIC","Funding","Appropriations/Grants","Total Per Capita","$","1.17",""
"2014","Indiana","UIC","Funding","Appropriations/Grants","State","$","5,750,000.00","07/13-06/14†"
"2014","Indiana","UIC","Funding","Appropriations/Grants","Federal","$","1,972,420.00","04/13-03/14‡"
"2014","Indiana","UIC","Funding","Appropriations/Grants","American Legacy Foundation","$","0.00",""
"2014","Indiana","UIC","Funding","Appropriations/Grants","Robert Wood Johnson Foundation","$","0.00",""
"2014","Indiana","UIC","Funding","Appropriations/Grants","Total","$","7,722,420.00",""
"2014","Indiana","UIC","Funding","Appropriations/Grants","Total Per Capita","$","1.17",""
"2013","Indiana","UIC","Funding","Appropriations/Grants","State","$","9,251,037.00","07/12-06/13†"
"2013","Indiana","UIC","Funding","Appropriations/Grants","Federal","$","2,017,089.00","04/12-03/13‡"
"2013","Indiana","UIC","Funding","Appropriations/Grants","American Legacy Foundation","$","0.00",""
"2013","Indiana","UIC","Funding","Appropriations/Grants","Robert Wood Johnson Foundation","$","0.00",""
"2013","Indiana","UIC","Funding","Appropriations/Grants","Total","$","11,268,126.00",""
"2013","Indiana","UIC","Funding","Appropriations/Grants","Total Per Capita","$","1.72",""
"2012","Indiana","UIC","Funding","Appropriations/Grants","State","$","10,051,037.00","07/11-06/12†"
"2012","Indiana","UIC","Funding","Appropriations/Grants","Federal","$","2,625,515.00","04/11-03/12‡"
"2012","Indiana","UIC","Funding","Appropriations/Grants","American Legacy Foundation","$","0.00",""
"2012","Indiana","UIC","Funding","Appropriations/Grants","Robert Wood Johnson Foundation","$","0.00",""
"2012","Indiana","UIC","Funding","Appropriations/Grants","Total","$","12,676,552.00",""
"2012","Indiana","UIC","Funding","Appropriations/Grants","Total Per Capita","$","1.94",""
"2011","Indiana","UIC","Funding","Appropriations/Grants","State","$","9,200,000.00","07/10-06/11†"
"2011","Indiana","UIC","Funding","Appropriations/Grants","Federal","$","2,061,286.00","04/10-03/11‡"
"2011","Indiana","UIC","Funding","Appropriations/Grants","American Legacy Foundation","$","0.00","07/10-06/11"
"2011","Indiana","UIC","Funding","Appropriations/Grants","Robert Wood Johnson Foundation","$","30,642.00","07/10-06/11"
"2011","Indiana","UIC","Funding","Appropriations/Grants","Total","$","11,291,928.00",""
"2011","Indiana","UIC","Funding","Appropriations/Grants","Total Per Capita","$","1.73",""
"2010","Indiana","UIC","Funding","Appropriations/Grants","State","$","10,408,000.00","07/09-06/10†"
"2010","Indiana","UIC","Funding","Appropriations/Grants","Federal","$","1,121,131.00","04/09-03/10‡"
"2010","Indiana","UIC","Funding","Appropriations/Grants","American Legacy Foundation","$","6,787.00","07/09-06/10"
"2010","Indiana","UIC","Funding","Appropriations/Grants","Robert Wood Johnson Foundation","$","90,815.00","07/09-06/10"
"2010","Indiana","UIC","Funding","Appropriations/Grants","Total","$","11,626,733.00",""
"2010","Indiana","UIC","Funding","Appropriations/Grants","Total Per Capita","$","1.79",""
"2009","Indiana","UIC","Funding","Appropriations/Grants","State","$","15,000,000.00","07/08-06/09†"
"2009","Indiana","UIC","Funding","Appropriations/Grants","Federal","$","855,124.00","07/08-03/09‡"
"2009","Indiana","UIC","Funding","Appropriations/Grants","American Legacy Foundation","$","133,213.00","07/08-06/09"
"2009","Indiana","UIC","Funding","Appropriations/Grants","Robert Wood Johnson Foundation","$","179,931.00","07/08-06/09"
"2009","Indiana","UIC","Funding","Appropriations/Grants","Total","$","16,168,268.00",""
"2009","Indiana","UIC","Funding","Appropriations/Grants","Total Per Capita","$","2.50",""
"2008","Indiana","UIC","Funding","Appropriations/Grants","State","$","16,200,000.00","07/07-06/08†"
"2008","Indiana","UIC","Funding","Appropriations/Grants","Federal","$","1,140,165.00","07/07-06/08‡"
"2008","Indiana","UIC","Funding","Appropriations/Grants","American Legacy Foundation","$","56,583.00","07/07-06/08"
"2008","Indiana","UIC","Funding","Appropriations/Grants","Robert Wood Johnson Foundation","$","69,599.00","07/07-06/08"
"2008","Indiana","UIC","Funding","Appropriations/Grants","Total","$","17,466,347.00",""
"2008","Indiana","UIC","Funding","Appropriations/Grants","Total Per Capita","$","2.72",""
"2007","Indiana","UIC","Funding","Appropriations/Grants","State","$","10,099,964.00","07/06-06/07†"
"2007","Indiana","UIC","Funding","Appropriations/Grants","Federal","$","1,140,166.00","07/06-06/07‡"
"2007","Indiana","UIC","Funding","Appropriations/Grants","American Legacy Foundation","$","33,816.00","07/06-06/07"
"2007","Indiana","UIC","Funding","Appropriations/Grants","Robert Wood Johnson Foundation","$","83,833.00","07/06-06/07"
"2007","Indiana","UIC","Funding","Appropriations/Grants","Total","$","11,357,779.00",""
"2007","Indiana","UIC","Funding","Appropriations/Grants","Total Per Capita","$","1.78",""
"2006","Indiana","UIC","Funding","Appropriations/Grants","State","$","10,092,344.00","07/05-06/06†"
"2006","Indiana","UIC","Funding","Appropriations/Grants","Federal","$","1,340,166.00","07/05-06/06‡"
"2006","Indiana","UIC","Funding","Appropriations/Grants","American Legacy Foundation","$","31,184.00","07/05-06/06"
"2006","Indiana","UIC","Funding","Appropriations/Grants","Robert Wood Johnson Foundation","$","29,167.00","07/05-06/06"
"2006","Indiana","UIC","Funding","Appropriations/Grants","Total","$","11,492,861.00",""
"2006","Indiana","UIC","Funding","Appropriations/Grants","Total Per Capita","$","1.82",""
"2005","Indiana","UIC","Funding","Appropriations/Grants","State","$","10,800,000.00","07/04-06/05†"
"2005","Indiana","UIC","Funding","Appropriations/Grants","Federal","$","1,399,979.00","06/04-05/05‡"
"2005","Indiana","UIC","Funding","Appropriations/Grants","American Legacy Foundation","$","0.00","07/04-06/05"
"2005","Indiana","UIC","Funding","Appropriations/Grants","Robert Wood Johnson Foundation","$","0.00","07/04-06/05"
"2005","Indiana","UIC","Funding","Appropriations/Grants","Total","$","12,199,979.00",""
"2005","Indiana","UIC","Funding","Appropriations/Grants","Total Per Capita","$","1.94",""
"2004","Indiana","UIC","Funding","Appropriations/Grants","State","$","10,800,000.00","07/03-06/04†"
"2004","Indiana","UIC","Funding","Appropriations/Grants","Federal","$","1,399,979.00","06/03-05/04‡"
"2004","Indiana","UIC","Funding","Appropriations/Grants","American Legacy Foundation","$","23,323.00","07/03-06/04"
"2004","Indiana","UIC","Funding","Appropriations/Grants","Robert Wood Johnson Foundation","$","0.00","07/03-06/04"
"2004","Indiana","UIC","Funding","Appropriations/Grants","Total","$","12,223,302.00",""
"2004","Indiana","UIC","Funding","Appropriations/Grants","Total Per Capita","$","1.96",""
"2003","Indiana","UIC","Funding","Appropriations/Grants","State","$","32,500,000.00","07/02-06/03†"
"2003","Indiana","UIC","Funding","Appropriations/Grants","Federal","$","1,492,125.00","06/02-05/03‡"
"2003","Indiana","UIC","Funding","Appropriations/Grants","American Legacy Foundation","$","61,670.00","07/02-06/03"
"2003","Indiana","UIC","Funding","Appropriations/Grants","Robert Wood Johnson Foundation","$","0.00","07/02-06/03"
"2003","Indiana","UIC","Funding","Appropriations/Grants","Total","$","34,053,795.00",""
"2003","Indiana","UIC","Funding","Appropriations/Grants","Total Per Capita","$","5.50",""
"2002","Indiana","UIC","Funding","Appropriations/Grants","State","$","32,500,000.00","07/01-06/02†"
"2002","Indiana","UIC","Funding","Appropriations/Grants","Federal","$","1,399,979.00","06/01-05/02‡"
"2002","Indiana","UIC","Funding","Appropriations/Grants","American Legacy Foundation","$","0.00","07/01-06/02"
"2002","Indiana","UIC","Funding","Appropriations/Grants","Robert Wood Johnson Foundation","$","0.00","07/01-06/02"
"2002","Indiana","UIC","Funding","Appropriations/Grants","Total","$","33,899,979.00",""
"2002","Indiana","UIC","Funding","Appropriations/Grants","Total Per Capita","$","5.51",""
"2015","Michigan","UIC","Funding","Appropriations/Grants","State","$","1,500,000.00","10/14-09/15†"
"2015","Michigan","UIC","Funding","Appropriations/Grants","Federal","$","3,395,393.00","04/14-03/15‡"
"2015","Michigan","UIC","Funding","Appropriations/Grants","American Legacy Foundation","$","0.00",""
"2015","Michigan","UIC","Funding","Appropriations/Grants","Robert Wood Johnson Foundation","$","0.00",""
"2015","Michigan","UIC","Funding","Appropriations/Grants","Total","$","4,895,393.00",""
"2015","Michigan","UIC","Funding","Appropriations/Grants","Total Per Capita","$","0.49",""
"2014","Michigan","UIC","Funding","Appropriations/Grants","State","$","1,500,000.00","10/13-09/14†"
"2014","Michigan","UIC","Funding","Appropriations/Grants","Federal","$","3,209,180.00","04/13-03/14‡"
"2014","Michigan","UIC","Funding","Appropriations/Grants","American Legacy Foundation","$","0.00",""
"2014","Michigan","UIC","Funding","Appropriations/Grants","Robert Wood Johnson Foundation","$","0.00",""
"2014","Michigan","UIC","Funding","Appropriations/Grants","Total","$","4,709,180.00",""
"2014","Michigan","UIC","Funding","Appropriations/Grants","Total Per Capita","$","0.48",""
"2013","Michigan","UIC","Funding","Appropriations/Grants","State","$","1,833,935.00","10/12-09/13†"
"2013","Michigan","UIC","Funding","Appropriations/Grants","Federal","$","3,126,736.00","04/12-03/13‡"
"2013","Michigan","UIC","Funding","Appropriations/Grants","American Legacy Foundation","$","0.00",""
"2013","Michigan","UIC","Funding","Appropriations/Grants","Robert Wood Johnson Foundation","$","0.00",""
"2013","Michigan","UIC","Funding","Appropriations/Grants","Total","$","4,960,671.00",""
"2013","Michigan","UIC","Funding","Appropriations/Grants","Total Per Capita","$","0.50",""
"2012","Michigan","UIC","Funding","Appropriations/Grants","State","$","1,830,000.00","10/11-09/12†"
"2012","Michigan","UIC","Funding","Appropriations/Grants","Federal","$","4,346,003.00","04/11-03/12‡"
"2012","Michigan","UIC","Funding","Appropriations/Grants","American Legacy Foundation","$","0.00",""
"2012","Michigan","UIC","Funding","Appropriations/Grants","Robert Wood Johnson Foundation","$","0.00",""
"2012","Michigan","UIC","Funding","Appropriations/Grants","Total","$","6,176,003.00",""
"2012","Michigan","UIC","Funding","Appropriations/Grants","Total Per Capita","$","0.63",""
"2011","Michigan","UIC","Funding","Appropriations/Grants","State","$","2,600,000.00","10/10-09/11†"
"2011","Michigan","UIC","Funding","Appropriations/Grants","Federal","$","3,713,681.00","04/10-03/11‡"
"2011","Michigan","UIC","Funding","Appropriations/Grants","American Legacy Foundation","$","0.00","07/10-06/11"
"2011","Michigan","UIC","Funding","Appropriations/Grants","Robert Wood Johnson Foundation","$","0.00","07/10-06/11"
"2011","Michigan","UIC","Funding","Appropriations/Grants","Total","$","6,313,681.00",""
"2011","Michigan","UIC","Funding","Appropriations/Grants","Total Per Capita","$","0.64",""
"2010","Michigan","UIC","Funding","Appropriations/Grants","State","$","2,600,000.00","10/09-09/10†"
"2010","Michigan","UIC","Funding","Appropriations/Grants","Federal","$","1,836,812.00","04/09-03/10‡"
"2010","Michigan","UIC","Funding","Appropriations/Grants","American Legacy Foundation","$","44,295.00","07/09-06/10"
"2010","Michigan","UIC","Funding","Appropriations/Grants","Robert Wood Johnson Foundation","$","650.00","07/09-06/10"
"2010","Michigan","UIC","Funding","Appropriations/Grants","Total","$","4,481,757.00",""
"2010","Michigan","UIC","Funding","Appropriations/Grants","Total Per Capita","$","0.45",""
"2009","Michigan","UIC","Funding","Appropriations/Grants","State","$","3,700,000.00","10/08-09/09†"
"2009","Michigan","UIC","Funding","Appropriations/Grants","Federal","$","1,374,750.00","07/08-03/09‡"
"2009","Michigan","UIC","Funding","Appropriations/Grants","American Legacy Foundation","$","100,171.00","07/08-06/09"
"2009","Michigan","UIC","Funding","Appropriations/Grants","Robert Wood Johnson Foundation","$","650.00","07/08-06/09"
"2009","Michigan","UIC","Funding","Appropriations/Grants","Total","$","5,175,571.00",""
"2009","Michigan","UIC","Funding","Appropriations/Grants","Total Per Capita","$","0.52",""
"2008","Michigan","UIC","Funding","Appropriations/Grants","State","$","3,600,000.00","10/07-09/08†"
"2008","Michigan","UIC","Funding","Appropriations/Grants","Federal","$","1,833,000.00","07/07-06/08‡"
"2008","Michigan","UIC","Funding","Appropriations/Grants","American Legacy Foundation","$","45,109.00","07/07-06/08"
"2008","Michigan","UIC","Funding","Appropriations/Grants","Robert Wood Johnson Foundation","$","0.00","07/07-06/08"
"2008","Michigan","UIC","Funding","Appropriations/Grants","Total","$","5,478,109.00",""
"2008","Michigan","UIC","Funding","Appropriations/Grants","Total Per Capita","$","0.55",""
"2007","Michigan","UIC","Funding","Appropriations/Grants","State","$","3,600,000.00","10/06-09/07†"
"2007","Michigan","UIC","Funding","Appropriations/Grants","Federal","$","1,883,000.00","07/06-06/07‡"
"2007","Michigan","UIC","Funding","Appropriations/Grants","American Legacy Foundation","$","151,162.00","07/06-06/07"
"2007","Michigan","UIC","Funding","Appropriations/Grants","Robert Wood Johnson Foundation","$","0.00","07/06-06/07"
"2007","Michigan","UIC","Funding","Appropriations/Grants","Total","$","5,634,162.00",""
"2007","Michigan","UIC","Funding","Appropriations/Grants","Total Per Capita","$","0.56",""
"2006","Michigan","UIC","Funding","Appropriations/Grants","State","$","3,619,500.00","10/05-09/06†"
"2006","Michigan","UIC","Funding","Appropriations/Grants","Federal","$","1,883,000.00","07/05-06/06‡"
"2006","Michigan","UIC","Funding","Appropriations/Grants","American Legacy Foundation","$","416,357.00","07/05-06/06"
"2006","Michigan","UIC","Funding","Appropriations/Grants","Robert Wood Johnson Foundation","$","0.00","07/05-06/06"
"2006","Michigan","UIC","Funding","Appropriations/Grants","Total","$","5,918,857.00",""
"2006","Michigan","UIC","Funding","Appropriations/Grants","Total Per Capita","$","0.59",""
"2005","Michigan","UIC","Funding","Appropriations/Grants","State","$","4,665,100.00","10/04-09/05†"
"2005","Michigan","UIC","Funding","Appropriations/Grants","Federal","$","1,700,000.00","06/04-05/05‡"
"2005","Michigan","UIC","Funding","Appropriations/Grants","American Legacy Foundation","$","536,850.00","07/04-06/05"
"2005","Michigan","UIC","Funding","Appropriations/Grants","Robert Wood Johnson Foundation","$","0.00","07/04-06/05"
"2005","Michigan","UIC","Funding","Appropriations/Grants","Total","$","6,901,950.00",""
"2005","Michigan","UIC","Funding","Appropriations/Grants","Total Per Capita","$","0.69",""
"2004","Michigan","UIC","Funding","Appropriations/Grants","State","$","6,500,000.00","10/03-09/04†"
"2004","Michigan","UIC","Funding","Appropriations/Grants","Federal","$","1,700,000.00","06/03-05/04‡"
"2004","Michigan","UIC","Funding","Appropriations/Grants","American Legacy Foundation","$","465,375.00","07/03-06/04"
"2004","Michigan","UIC","Funding","Appropriations/Grants","Robert Wood Johnson Foundation","$","200,000.00","07/03-06/04"
"2004","Michigan","UIC","Funding","Appropriations/Grants","Total","$","8,865,375.00",""
"2004","Michigan","UIC","Funding","Appropriations/Grants","Total Per Capita","$","0.88",""
"2003","Michigan","UIC","Funding","Appropriations/Grants","State","$","0.00","10/02-09/03†"
"2003","Michigan","UIC","Funding","Appropriations/Grants","Federal","$","1,775,695.00","06/02-05/03‡"
"2003","Michigan","UIC","Funding","Appropriations/Grants","American Legacy Foundation","$","220,787.00","07/02-06/03"
"2003","Michigan","UIC","Funding","Appropriations/Grants","Robert Wood Johnson Foundation","$","517,500.00","07/02-06/03"
"2003","Michigan","UIC","Funding","Appropriations/Grants","Total","$","2,513,982.00",""
"2003","Michigan","UIC","Funding","Appropriations/Grants","Total Per Capita","$","0.25",""
"2002","Michigan","UIC","Funding","Appropriations/Grants","State","$","0.00","10/01-09/02†"
"2002","Michigan","UIC","Funding","Appropriations/Grants","Federal","$","1,700,000.00","06/01-05/02‡"
"2002","Michigan","UIC","Funding","Appropriations/Grants","American Legacy Foundation","$","205,236.00","07/01-06/02"
"2002","Michigan","UIC","Funding","Appropriations/Grants","Robert Wood Johnson Foundation","$","630,000.00","07/01-06/02"
"2002","Michigan","UIC","Funding","Appropriations/Grants","Total","$","2,535,236.00",""
"2002","Michigan","UIC","Funding","Appropriations/Grants","Total Per Capita","$","0.25",""
"2015","Minnesota","UIC","Funding","Appropriations/Grants","State","$","22,340,332.00","07/14-06/15†"
"2015","Minnesota","UIC","Funding","Appropriations/Grants","Federal","$","2,129,777.00","04/14-03/15‡"
"2015","Minnesota","UIC","Funding","Appropriations/Grants","American Legacy Foundation","$","0.00",""
"2015","Minnesota","UIC","Funding","Appropriations/Grants","Robert Wood Johnson Foundation","$","0.00",""
"2015","Minnesota","UIC","Funding","Appropriations/Grants","Total","$","24,470,109.00",""
"2015","Minnesota","UIC","Funding","Appropriations/Grants","Total Per Capita","$","4.46",""
"2014","Minnesota","UIC","Funding","Appropriations/Grants","State","$","20,164,410.00","07/13-06/14†"
"2014","Minnesota","UIC","Funding","Appropriations/Grants","Federal","$","1,373,788.00","04/13-03/14‡"
"2014","Minnesota","UIC","Funding","Appropriations/Grants","American Legacy Foundation","$","0.00",""
"2014","Minnesota","UIC","Funding","Appropriations/Grants","Robert Wood Johnson Foundation","$","0.00",""
"2014","Minnesota","UIC","Funding","Appropriations/Grants","Total","$","21,538,198.00",""
"2014","Minnesota","UIC","Funding","Appropriations/Grants","Total Per Capita","$","3.95",""
"2013","Minnesota","UIC","Funding","Appropriations/Grants","State","$","19,600,000.00","07/12-06/13†"
"2013","Minnesota","UIC","Funding","Appropriations/Grants","Federal","$","1,421,887.00","04/12-03/13‡"
"2013","Minnesota","UIC","Funding","Appropriations/Grants","American Legacy Foundation","$","0.00",""
"2013","Minnesota","UIC","Funding","Appropriations/Grants","Robert Wood Johnson Foundation","$","0.00",""
"2013","Minnesota","UIC","Funding","Appropriations/Grants","Total","$","21,021,887.00",""
"2013","Minnesota","UIC","Funding","Appropriations/Grants","Total Per Capita","$","3.88",""
"2012","Minnesota","UIC","Funding","Appropriations/Grants","State","$","19,500,000.00","07/11-06/12†"
"2012","Minnesota","UIC","Funding","Appropriations/Grants","Federal","$","2,398,103.00","04/11-03/12‡"
"2012","Minnesota","UIC","Funding","Appropriations/Grants","American Legacy Foundation","$","0.00",""
"2012","Minnesota","UIC","Funding","Appropriations/Grants","Robert Wood Johnson Foundation","$","0.00",""
"2012","Minnesota","UIC","Funding","Appropriations/Grants","Total","$","21,898,103.00",""
"2012","Minnesota","UIC","Funding","Appropriations/Grants","Total Per Capita","$","4.07",""
"2011","Minnesota","UIC","Funding","Appropriations/Grants","State","$","19,600,000.00","07/10-06/11†"
"2011","Minnesota","UIC","Funding","Appropriations/Grants","Federal","$","2,021,126.00","04/10-03/11‡"
"2011","Minnesota","UIC","Funding","Appropriations/Grants","American Legacy Foundation","$","0.00","07/10-06/11"
"2011","Minnesota","UIC","Funding","Appropriations/Grants","Robert Wood Johnson Foundation","$","0.00","07/10-06/11"
"2011","Minnesota","UIC","Funding","Appropriations/Grants","Total","$","21,621,126.00",""
"2011","Minnesota","UIC","Funding","Appropriations/Grants","Total Per Capita","$","4.05",""
"2010","Minnesota","UIC","Funding","Appropriations/Grants","State","$","20,300,000.00","07/09-06/10†"
"2010","Minnesota","UIC","Funding","Appropriations/Grants","Federal","$","1,266,448.00","04/09-03/10‡"
"2010","Minnesota","UIC","Funding","Appropriations/Grants","American Legacy Foundation","$","0.00","07/09-06/10"
"2010","Minnesota","UIC","Funding","Appropriations/Grants","Robert Wood Johnson Foundation","$","0.00","07/09-06/10"
"2010","Minnesota","UIC","Funding","Appropriations/Grants","Total","$","21,566,448.00",""
"2010","Minnesota","UIC","Funding","Appropriations/Grants","Total Per Capita","$","4.06",""
"2009","Minnesota","UIC","Funding","Appropriations/Grants","State","$","20,500,000.00","07/08-06/09†"
"2009","Minnesota","UIC","Funding","Appropriations/Grants","Federal","$","988,676.00","07/08-03/09‡"
"2009","Minnesota","UIC","Funding","Appropriations/Grants","American Legacy Foundation","$","0.00","07/08-06/09"
"2009","Minnesota","UIC","Funding","Appropriations/Grants","Robert Wood Johnson Foundation","$","0.00","07/08-06/09"
"2009","Minnesota","UIC","Funding","Appropriations/Grants","Total","$","21,488,676.00",""
"2009","Minnesota","UIC","Funding","Appropriations/Grants","Total Per Capita","$","4.07",""
"2008","Minnesota","UIC","Funding","Appropriations/Grants","State","$","22,100,000.00","07/07-06/08†"
"2008","Minnesota","UIC","Funding","Appropriations/Grants","Federal","$","1,318,234.00","07/07-06/08‡"
"2008","Minnesota","UIC","Funding","Appropriations/Grants","American Legacy Foundation","$","0.00","07/07-06/08"
"2008","Minnesota","UIC","Funding","Appropriations/Grants","Robert Wood Johnson Foundation","$","46,126.00","07/07-06/08"
"2008","Minnesota","UIC","Funding","Appropriations/Grants","Total","$","23,464,360.00",""
"2008","Minnesota","UIC","Funding","Appropriations/Grants","Total Per Capita","$","4.47",""
"2007","Minnesota","UIC","Funding","Appropriations/Grants","State","$","21,637,944.00","07/06-06/07†"
"2007","Minnesota","UIC","Funding","Appropriations/Grants","Federal","$","1,318,234.00","07/06-06/07‡"
"2007","Minnesota","UIC","Funding","Appropriations/Grants","American Legacy Foundation","$","0.00","07/06-06/07"
"2007","Minnesota","UIC","Funding","Appropriations/Grants","Robert Wood Johnson Foundation","$","53,813.00","07/06-06/07"
"2007","Minnesota","UIC","Funding","Appropriations/Grants","Total","$","23,009,991.00",""
"2007","Minnesota","UIC","Funding","Appropriations/Grants","Total Per Capita","$","4.42",""
"2006","Minnesota","UIC","Funding","Appropriations/Grants","State","$","22,138,052.00","07/05-06/06†"
"2006","Minnesota","UIC","Funding","Appropriations/Grants","Federal","$","1,318,234.00","07/05-06/06‡"
"2006","Minnesota","UIC","Funding","Appropriations/Grants","American Legacy Foundation","$","0.00","07/05-06/06"
"2006","Minnesota","UIC","Funding","Appropriations/Grants","Robert Wood Johnson Foundation","$","0.00","07/05-06/06"
"2006","Minnesota","UIC","Funding","Appropriations/Grants","Total","$","23,456,286.00",""
"2006","Minnesota","UIC","Funding","Appropriations/Grants","Total Per Capita","$","4.54",""
"2005","Minnesota","UIC","Funding","Appropriations/Grants","State","$","18,696,266.00","07/04-06/05†"
"2005","Minnesota","UIC","Funding","Appropriations/Grants","Federal","$","1,157,696.00","06/04-05/05‡"
"2005","Minnesota","UIC","Funding","Appropriations/Grants","American Legacy Foundation","$","0.00","07/04-06/05"
"2005","Minnesota","UIC","Funding","Appropriations/Grants","Robert Wood Johnson Foundation","$","0.00","07/04-06/05"
"2005","Minnesota","UIC","Funding","Appropriations/Grants","Total","$","19,853,962.00",""
"2005","Minnesota","UIC","Funding","Appropriations/Grants","Total Per Capita","$","3.88",""
"2004","Minnesota","UIC","Funding","Appropriations/Grants","State","$","20,400,000.00","07/03-06/04†"
"2004","Minnesota","UIC","Funding","Appropriations/Grants","Federal","$","1,157,697.00","06/03-05/04‡"
"2004","Minnesota","UIC","Funding","Appropriations/Grants","American Legacy Foundation","$","0.00","07/03-06/04"
"2004","Minnesota","UIC","Funding","Appropriations/Grants","Robert Wood Johnson Foundation","$","232,686.00","07/03-06/04"
"2004","Minnesota","UIC","Funding","Appropriations/Grants","Total","$","21,790,383.00",""
"2004","Minnesota","UIC","Funding","Appropriations/Grants","Total Per Capita","$","4.28",""
"2003","Minnesota","UIC","Funding","Appropriations/Grants","State","$","32,300,000.00","07/02-06/03†"
"2003","Minnesota","UIC","Funding","Appropriations/Grants","Federal","$","1,376,165.00","06/02-05/03‡"
"2003","Minnesota","UIC","Funding","Appropriations/Grants","American Legacy Foundation","$","0.00","07/02-06/03"
"2003","Minnesota","UIC","Funding","Appropriations/Grants","Robert Wood Johnson Foundation","$","253,839.00","07/02-06/03"
"2003","Minnesota","UIC","Funding","Appropriations/Grants","Total","$","33,930,004.00",""
"2003","Minnesota","UIC","Funding","Appropriations/Grants","Total Per Capita","$","6.71",""
"2002","Minnesota","UIC","Funding","Appropriations/Grants","State","$","28,900,000.00","07/01-06/02†"
"2002","Minnesota","UIC","Funding","Appropriations/Grants","Federal","$","1,226,165.00","06/01-05/02‡"
"2002","Minnesota","UIC","Funding","Appropriations/Grants","American Legacy Foundation","$","0.00","07/01-06/02"
"2002","Minnesota","UIC","Funding","Appropriations/Grants","Robert Wood Johnson Foundation","$","253,839.00","07/01-06/02"
"2002","Minnesota","UIC","Funding","Appropriations/Grants","Total","$","30,380,004.00",""
"2002","Minnesota","UIC","Funding","Appropriations/Grants","Total Per Capita","$","6.05",""
"2015","New York","UIC","Funding","Appropriations/Grants","State","$","39,300,000.00","04/14-03/15†"
"2015","New York","UIC","Funding","Appropriations/Grants","Federal","$","3,915,869.00","04/14-03/15‡"
"2015","New York","UIC","Funding","Appropriations/Grants","American Legacy Foundation","$","0.00",""
"2015","New York","UIC","Funding","Appropriations/Grants","Robert Wood Johnson Foundation","$","0.00",""
"2015","New York","UIC","Funding","Appropriations/Grants","Total","$","43,215,869.00",""
"2015","New York","UIC","Funding","Appropriations/Grants","Total Per Capita","$","2.18",""
"2014","New York","UIC","Funding","Appropriations/Grants","State","$","39,299,999.00","04/13-03/14†"
"2014","New York","UIC","Funding","Appropriations/Grants","Federal","$","2,146,765.00","04/13-03/14‡"
"2014","New York","UIC","Funding","Appropriations/Grants","American Legacy Foundation","$","0.00",""
"2014","New York","UIC","Funding","Appropriations/Grants","Robert Wood Johnson Foundation","$","0.00",""
"2014","New York","UIC","Funding","Appropriations/Grants","Total","$","41,446,764.00",""
"2014","New York","UIC","Funding","Appropriations/Grants","Total Per Capita","$","2.10",""
"2013","New York","UIC","Funding","Appropriations/Grants","State","$","41,400,000.00","04/12-03/13†"
"2013","New York","UIC","Funding","Appropriations/Grants","Federal","$","2,287,957.00","04/12-03/13‡"
"2013","New York","UIC","Funding","Appropriations/Grants","American Legacy Foundation","$","0.00",""
"2013","New York","UIC","Funding","Appropriations/Grants","Robert Wood Johnson Foundation","$","0.00",""
"2013","New York","UIC","Funding","Appropriations/Grants","Total","$","43,687,957.00",""
"2013","New York","UIC","Funding","Appropriations/Grants","Total Per Capita","$","2.22",""
"2012","New York","UIC","Funding","Appropriations/Grants","State","$","41,400,000.00","04/11-03/12†"
"2012","New York","UIC","Funding","Appropriations/Grants","Federal","$","11,123,634.00","04/11-03/12‡"
"2012","New York","UIC","Funding","Appropriations/Grants","American Legacy Foundation","$","0.00",""
"2012","New York","UIC","Funding","Appropriations/Grants","Robert Wood Johnson Foundation","$","0.00",""
"2012","New York","UIC","Funding","Appropriations/Grants","Total","$","52,523,634.00",""
"2012","New York","UIC","Funding","Appropriations/Grants","Total Per Capita","$","2.68",""
"2011","New York","UIC","Funding","Appropriations/Grants","State","$","58,400,000.00","04/10-03/11†"
"2011","New York","UIC","Funding","Appropriations/Grants","Federal","$","11,705,863.00","04/10-03/11‡"
"2011","New York","UIC","Funding","Appropriations/Grants","American Legacy Foundation","$","129,671.00","07/10-06/11"
"2011","New York","UIC","Funding","Appropriations/Grants","Robert Wood Johnson Foundation","$","28,000.00","07/10-06/11"
"2011","New York","UIC","Funding","Appropriations/Grants","Total","$","70,263,534.00",""
"2011","New York","UIC","Funding","Appropriations/Grants","Total Per Capita","$","3.61",""
"2010","New York","UIC","Funding","Appropriations/Grants","State","$","68,000,000.00","04/09-03/10†"
"2010","New York","UIC","Funding","Appropriations/Grants","Federal","$","2,690,147.00","04/09-03/10‡"
"2010","New York","UIC","Funding","Appropriations/Grants","American Legacy Foundation","$","229,088.00","07/09-06/10"
"2010","New York","UIC","Funding","Appropriations/Grants","Robert Wood Johnson Foundation","$","0.00","07/09-06/10"
"2010","New York","UIC","Funding","Appropriations/Grants","Total","$","70,919,235.00",""
"2010","New York","UIC","Funding","Appropriations/Grants","Total Per Capita","$","3.66",""
"2009","New York","UIC","Funding","Appropriations/Grants","State","$","80,400,000.00","04/08-03/09†"
"2009","New York","UIC","Funding","Appropriations/Grants","Federal","$","1,544,471.00","07/08-03/09‡"
"2009","New York","UIC","Funding","Appropriations/Grants","American Legacy Foundation","$","436,089.00","07/08-06/09"
"2009","New York","UIC","Funding","Appropriations/Grants","Robert Wood Johnson Foundation","$","123,654.00","07/08-06/09"
"2009","New York","UIC","Funding","Appropriations/Grants","Total","$","82,504,214.00",""
"2009","New York","UIC","Funding","Appropriations/Grants","Total Per Capita","$","4.27",""
"2008","New York","UIC","Funding","Appropriations/Grants","State","$","85,500,000.00","04/07-03/08†"
"2008","New York","UIC","Funding","Appropriations/Grants","Federal","$","2,059,294.00","07/07-06/08‡"
"2008","New York","UIC","Funding","Appropriations/Grants","American Legacy Foundation","$","655,357.00","07/07-06/08"
"2008","New York","UIC","Funding","Appropriations/Grants","Robert Wood Johnson Foundation","$","103,500.00","07/07-06/08"
"2008","New York","UIC","Funding","Appropriations/Grants","Total","$","88,318,151.00",""
"2008","New York","UIC","Funding","Appropriations/Grants","Total Per Capita","$","4.60",""
"2007","New York","UIC","Funding","Appropriations/Grants","State","$","85,485,000.00","04/06-03/07†"
"2007","New York","UIC","Funding","Appropriations/Grants","Federal","$","2,099,180.00","07/06-06/07‡"
"2007","New York","UIC","Funding","Appropriations/Grants","American Legacy Foundation","$","542,606.00","07/06-06/07"
"2007","New York","UIC","Funding","Appropriations/Grants","Robert Wood Johnson Foundation","$","0.00","07/06-06/07"
"2007","New York","UIC","Funding","Appropriations/Grants","Total","$","88,126,786.00",""
"2007","New York","UIC","Funding","Appropriations/Grants","Total Per Capita","$","4.61",""
"2006","New York","UIC","Funding","Appropriations/Grants","State","$","43,360,000.00","04/05-03/06†"
"2006","New York","UIC","Funding","Appropriations/Grants","Federal","$","2,104,180.00","07/05-06/06‡"
"2006","New York","UIC","Funding","Appropriations/Grants","American Legacy Foundation","$","733,304.00","07/05-06/06"
"2006","New York","UIC","Funding","Appropriations/Grants","Robert Wood Johnson Foundation","$","0.00","07/05-06/06"
"2006","New York","UIC","Funding","Appropriations/Grants","Total","$","46,197,484.00",""
"2006","New York","UIC","Funding","Appropriations/Grants","Total Per Capita","$","2.42",""
"2005","New York","UIC","Funding","Appropriations/Grants","State","$","39,450,000.00","04/04-03/05†"
"2005","New York","UIC","Funding","Appropriations/Grants","Federal","$","1,999,999.00","06/04-05/05‡"
"2005","New York","UIC","Funding","Appropriations/Grants","American Legacy Foundation","$","1,416,350.00","07/04-06/05"
"2005","New York","UIC","Funding","Appropriations/Grants","Robert Wood Johnson Foundation","$","201,034.00","07/04-06/05"
"2005","New York","UIC","Funding","Appropriations/Grants","Total","$","43,067,383.00",""
"2005","New York","UIC","Funding","Appropriations/Grants","Total Per Capita","$","2.25",""
"2004","New York","UIC","Funding","Appropriations/Grants","State","$","39,950,000.00","04/03-03/04†"
"2004","New York","UIC","Funding","Appropriations/Grants","Federal","$","1,999,998.00","06/03-05/04‡"
"2004","New York","UIC","Funding","Appropriations/Grants","American Legacy Foundation","$","1,400,155.00","07/03-06/04"
"2004","New York","UIC","Funding","Appropriations/Grants","Robert Wood Johnson Foundation","$","402,069.00","07/03-06/04"
"2004","New York","UIC","Funding","Appropriations/Grants","Total","$","43,752,222.00",""
"2004","New York","UIC","Funding","Appropriations/Grants","Total Per Capita","$","2.28",""
"2003","New York","UIC","Funding","Appropriations/Grants","State","$","40,000,000.00","04/02-03/03†"
"2003","New York","UIC","Funding","Appropriations/Grants","Federal","$","1,999,998.00","06/02-05/03‡"
"2003","New York","UIC","Funding","Appropriations/Grants","American Legacy Foundation","$","2,111,853.00","07/02-06/03"
"2003","New York","UIC","Funding","Appropriations/Grants","Robert Wood Johnson Foundation","$","402,069.00","07/02-06/03"
"2003","New York","UIC","Funding","Appropriations/Grants","Total","$","44,513,920.00",""
"2003","New York","UIC","Funding","Appropriations/Grants","Total Per Capita","$","2.32",""
"2002","New York","UIC","Funding","Appropriations/Grants","State","$","40,000,000.00","04/01-03/02†"
"2002","New York","UIC","Funding","Appropriations/Grants","Federal","$","1,999,998.00","06/01-05/02‡"
"2002","New York","UIC","Funding","Appropriations/Grants","American Legacy Foundation","$","2,019,140.00","07/01-06/02"
"2002","New York","UIC","Funding","Appropriations/Grants","Robert Wood Johnson Foundation","$","402,069.00","07/01-06/02"
"2002","New York","UIC","Funding","Appropriations/Grants","Total","$","44,421,207.00",""
"2002","New York","UIC","Funding","Appropriations/Grants","Total Per Capita","$","2.32",""
"2015","Ohio","UIC","Funding","Appropriations/Grants","State","$","7,650,000.00","07/14-06/15†"
"2015","Ohio","UIC","Funding","Appropriations/Grants","Federal","$","3,093,754.00","04/14-03/15‡"
"2015","Ohio","UIC","Funding","Appropriations/Grants","American Legacy Foundation","$","0.00",""
"2015","Ohio","UIC","Funding","Appropriations/Grants","Robert Wood Johnson Foundation","$","0.00",""
"2015","Ohio","UIC","Funding","Appropriations/Grants","Total","$","10,743,754.00",""
"2015","Ohio","UIC","Funding","Appropriations/Grants","Total Per Capita","$","0.93",""
"2014","Ohio","UIC","Funding","Appropriations/Grants","State","$","3,500,000.00","07/13-06/14†"
"2014","Ohio","UIC","Funding","Appropriations/Grants","Federal","$","2,882,426.00","04/13-03/14‡"
"2014","Ohio","UIC","Funding","Appropriations/Grants","American Legacy Foundation","$","0.00",""
"2014","Ohio","UIC","Funding","Appropriations/Grants","Robert Wood Johnson Foundation","$","0.00",""
"2014","Ohio","UIC","Funding","Appropriations/Grants","Total","$","6,382,426.00",""
"2014","Ohio","UIC","Funding","Appropriations/Grants","Total Per Capita","$","0.55",""
"2013","Ohio","UIC","Funding","Appropriations/Grants","State","$","0.00","07/12-06/13†"
"2013","Ohio","UIC","Funding","Appropriations/Grants","Federal","$","2,901,814.00","04/12-03/13‡"
"2013","Ohio","UIC","Funding","Appropriations/Grants","American Legacy Foundation","$","0.00",""
"2013","Ohio","UIC","Funding","Appropriations/Grants","Robert Wood Johnson Foundation","$","0.00",""
"2013","Ohio","UIC","Funding","Appropriations/Grants","Total","$","2,901,814.00",""
"2013","Ohio","UIC","Funding","Appropriations/Grants","Total Per Capita","$","0.25",""
"2012","Ohio","UIC","Funding","Appropriations/Grants","State","$","1,000,000.00","07/11-06/12†"
"2012","Ohio","UIC","Funding","Appropriations/Grants","Federal","$","3,281,445.00","04/11-03/12‡"
"2012","Ohio","UIC","Funding","Appropriations/Grants","American Legacy Foundation","$","0.00",""
"2012","Ohio","UIC","Funding","Appropriations/Grants","Robert Wood Johnson Foundation","$","0.00",""
"2012","Ohio","UIC","Funding","Appropriations/Grants","Total","$","4,281,445.00",""
"2012","Ohio","UIC","Funding","Appropriations/Grants","Total Per Capita","$","0.37",""
"2011","Ohio","UIC","Funding","Appropriations/Grants","State","$","6,000,000.00","07/10-06/11†"
"2011","Ohio","UIC","Funding","Appropriations/Grants","Federal","$","2,800,608.00","04/10-03/11‡"
"2011","Ohio","UIC","Funding","Appropriations/Grants","American Legacy Foundation","$","0.00","07/10-06/11"
"2011","Ohio","UIC","Funding","Appropriations/Grants","Robert Wood Johnson Foundation","$","0.00","07/10-06/11"
"2011","Ohio","UIC","Funding","Appropriations/Grants","Total","$","8,800,608.00",""
"2011","Ohio","UIC","Funding","Appropriations/Grants","Total Per Capita","$","0.76",""
"2010","Ohio","UIC","Funding","Appropriations/Grants","State","$","6,000,000.00","07/09-06/10†"
"2010","Ohio","UIC","Funding","Appropriations/Grants","Federal","$","1,484,417.00","04/09-03/10‡"
"2010","Ohio","UIC","Funding","Appropriations/Grants","American Legacy Foundation","$","27,978.00","07/09-06/10"
"2010","Ohio","UIC","Funding","Appropriations/Grants","Robert Wood Johnson Foundation","$","76,575.00","07/09-06/10"
"2010","Ohio","UIC","Funding","Appropriations/Grants","Total","$","7,588,970.00",""
"2010","Ohio","UIC","Funding","Appropriations/Grants","Total Per Capita","$","0.66",""
"2009","Ohio","UIC","Funding","Appropriations/Grants","State","$","8,117,015.00","07/08-06/09†"
"2009","Ohio","UIC","Funding","Appropriations/Grants","Federal","$","1,126,656.00","07/08-03/09‡"
"2009","Ohio","UIC","Funding","Appropriations/Grants","American Legacy Foundation","$","228,360.00","07/08-06/09"
"2009","Ohio","UIC","Funding","Appropriations/Grants","Robert Wood Johnson Foundation","$","139,275.00","07/08-06/09"
"2009","Ohio","UIC","Funding","Appropriations/Grants","Total","$","9,611,306.00",""
"2009","Ohio","UIC","Funding","Appropriations/Grants","Total Per Capita","$","0.83",""
"2008","Ohio","UIC","Funding","Appropriations/Grants","State","$","44,700,000.00","07/07-06/08†"
"2008","Ohio","UIC","Funding","Appropriations/Grants","Federal","$","1,560,442.00","07/07-06/08‡"
"2008","Ohio","UIC","Funding","Appropriations/Grants","American Legacy Foundation","$","136,223.00","07/07-06/08"
"2008","Ohio","UIC","Funding","Appropriations/Grants","Robert Wood Johnson Foundation","$","62,700.00","07/07-06/08"
"2008","Ohio","UIC","Funding","Appropriations/Grants","Total","$","46,459,365.00",""
"2008","Ohio","UIC","Funding","Appropriations/Grants","Total Per Capita","$","4.04",""
"2007","Ohio","UIC","Funding","Appropriations/Grants","State","$","45,025,348.00","07/06-06/07†"
"2007","Ohio","UIC","Funding","Appropriations/Grants","Federal","$","1,510,954.00","07/06-06/07‡"
"2007","Ohio","UIC","Funding","Appropriations/Grants","American Legacy Foundation","$","0.00","07/06-06/07"
"2007","Ohio","UIC","Funding","Appropriations/Grants","Robert Wood Johnson Foundation","$","35,000.00","07/06-06/07"
"2007","Ohio","UIC","Funding","Appropriations/Grants","Total","$","46,571,302.00",""
"2007","Ohio","UIC","Funding","Appropriations/Grants","Total Per Capita","$","4.05",""
"2006","Ohio","UIC","Funding","Appropriations/Grants","State","$","47,200,000.00","07/05-06/06†"
"2006","Ohio","UIC","Funding","Appropriations/Grants","Federal","$","1,725,490.00","07/05-06/06‡"
"2006","Ohio","UIC","Funding","Appropriations/Grants","American Legacy Foundation","$","18,903.00","07/05-06/06"
"2006","Ohio","UIC","Funding","Appropriations/Grants","Robert Wood Johnson Foundation","$","62,500.00","07/05-06/06"
"2006","Ohio","UIC","Funding","Appropriations/Grants","Total","$","49,006,893.00",""
"2006","Ohio","UIC","Funding","Appropriations/Grants","Total Per Capita","$","4.27",""
"2005","Ohio","UIC","Funding","Appropriations/Grants","State","$","53,305,792.00","07/04-06/05†"
"2005","Ohio","UIC","Funding","Appropriations/Grants","Federal","$","1,459,512.00","06/04-05/05‡"
"2005","Ohio","UIC","Funding","Appropriations/Grants","American Legacy Foundation","$","232,061.00","07/04-06/05"
"2005","Ohio","UIC","Funding","Appropriations/Grants","Robert Wood Johnson Foundation","$","298,318.00","07/04-06/05"
"2005","Ohio","UIC","Funding","Appropriations/Grants","Total","$","55,295,683.00",""
"2005","Ohio","UIC","Funding","Appropriations/Grants","Total Per Capita","$","4.82",""
"2004","Ohio","UIC","Funding","Appropriations/Grants","State","$","38,211,344.00","07/03-06/04†"
"2004","Ohio","UIC","Funding","Appropriations/Grants","Federal","$","1,459,110.00","06/03-05/04‡"
"2004","Ohio","UIC","Funding","Appropriations/Grants","American Legacy Foundation","$","229,355.00","07/03-06/04"
"2004","Ohio","UIC","Funding","Appropriations/Grants","Robert Wood Johnson Foundation","$","497,894.00","07/03-06/04"
"2004","Ohio","UIC","Funding","Appropriations/Grants","Total","$","40,397,703.00",""
"2004","Ohio","UIC","Funding","Appropriations/Grants","Total Per Capita","$","3.53",""
"2003","Ohio","UIC","Funding","Appropriations/Grants","State","$","34,000,000.00","07/02-06/03†"
"2003","Ohio","UIC","Funding","Appropriations/Grants","Federal","$","1,525,232.00","06/02-05/03‡"
"2003","Ohio","UIC","Funding","Appropriations/Grants","American Legacy Foundation","$","171,217.00","07/02-06/03"
"2003","Ohio","UIC","Funding","Appropriations/Grants","Robert Wood Johnson Foundation","$","382,768.00","07/02-06/03"
"2003","Ohio","UIC","Funding","Appropriations/Grants","Total","$","36,079,217.00",""
"2003","Ohio","UIC","Funding","Appropriations/Grants","Total Per Capita","$","3.16",""
"2002","Ohio","UIC","Funding","Appropriations/Grants","State","$","21,700,000.00","07/01-06/02†"
"2002","Ohio","UIC","Funding","Appropriations/Grants","Federal","$","1,525,232.00","06/01-05/02‡"
"2002","Ohio","UIC","Funding","Appropriations/Grants","American Legacy Foundation","$","69,653.00","07/01-06/02"
"2002","Ohio","UIC","Funding","Appropriations/Grants","Robert Wood Johnson Foundation","$","382,768.00","07/01-06/02"
"2002","Ohio","UIC","Funding","Appropriations/Grants","Total","$","23,677,653.00",""
"2002","Ohio","UIC","Funding","Appropriations/Grants","Total Per Capita","$","2.08",""
"2015","Pennsylvania","UIC","Funding","Appropriations/Grants","State","$","13,800,000.00","07/14-06/15†"
"2015","Pennsylvania","UIC","Funding","Appropriations/Grants","Federal","$","2,851,554.00","04/14-03/15‡"
"2015","Pennsylvania","UIC","Funding","Appropriations/Grants","American Legacy Foundation","$","0.00",""
"2015","Pennsylvania","UIC","Funding","Appropriations/Grants","Robert Wood Johnson Foundation","$","0.00",""
"2015","Pennsylvania","UIC","Funding","Appropriations/Grants","Total","$","16,651,554.00",""
"2015","Pennsylvania","UIC","Funding","Appropriations/Grants","Total Per Capita","$","1.30",""
"2014","Pennsylvania","UIC","Funding","Appropriations/Grants","State","$","9,254,000.00","07/13-06/14†"
"2014","Pennsylvania","UIC","Funding","Appropriations/Grants","Federal","$","2,767,598.00","04/13-03/14‡"
"2014","Pennsylvania","UIC","Funding","Appropriations/Grants","American Legacy Foundation","$","0.00",""
"2014","Pennsylvania","UIC","Funding","Appropriations/Grants","Robert Wood Johnson Foundation","$","0.00",""
"2014","Pennsylvania","UIC","Funding","Appropriations/Grants","Total","$","12,021,598.00",""
"2014","Pennsylvania","UIC","Funding","Appropriations/Grants","Total Per Capita","$","0.94",""
"2013","Pennsylvania","UIC","Funding","Appropriations/Grants","State","$","14,221,000.00","07/12-06/13†"
"2013","Pennsylvania","UIC","Funding","Appropriations/Grants","Federal","$","2,724,763.00","04/12-03/13‡"
"2013","Pennsylvania","UIC","Funding","Appropriations/Grants","American Legacy Foundation","$","0.00",""
"2013","Pennsylvania","UIC","Funding","Appropriations/Grants","Robert Wood Johnson Foundation","$","0.00",""
"2013","Pennsylvania","UIC","Funding","Appropriations/Grants","Total","$","16,945,763.00",""
"2013","Pennsylvania","UIC","Funding","Appropriations/Grants","Total Per Capita","$","1.33",""
"2012","Pennsylvania","UIC","Funding","Appropriations/Grants","State","$","13,900,000.00","07/11-06/12†"
"2012","Pennsylvania","UIC","Funding","Appropriations/Grants","Federal","$","8,247,173.00","04/11-03/12‡"
"2012","Pennsylvania","UIC","Funding","Appropriations/Grants","American Legacy Foundation","$","0.00",""
"2012","Pennsylvania","UIC","Funding","Appropriations/Grants","Robert Wood Johnson Foundation","$","0.00",""
"2012","Pennsylvania","UIC","Funding","Appropriations/Grants","Total","$","22,147,173.00",""
"2012","Pennsylvania","UIC","Funding","Appropriations/Grants","Total Per Capita","$","1.74",""
"2011","Pennsylvania","UIC","Funding","Appropriations/Grants","State","$","14,708,000.00","07/10-06/11†"
"2011","Pennsylvania","UIC","Funding","Appropriations/Grants","Federal","$","8,350,170.00","04/10-03/11‡"
"2011","Pennsylvania","UIC","Funding","Appropriations/Grants","American Legacy Foundation","$","75,129.00","07/10-06/11"
"2011","Pennsylvania","UIC","Funding","Appropriations/Grants","Robert Wood Johnson Foundation","$","30,000.00","07/10-06/11"
"2011","Pennsylvania","UIC","Funding","Appropriations/Grants","Total","$","23,163,299.00",""
"2011","Pennsylvania","UIC","Funding","Appropriations/Grants","Total Per Capita","$","1.82",""
"2010","Pennsylvania","UIC","Funding","Appropriations/Grants","State","$","17,674,000.00","07/09-06/10†"
"2010","Pennsylvania","UIC","Funding","Appropriations/Grants","Federal","$","1,851,391.00","04/09-03/10‡"
"2010","Pennsylvania","UIC","Funding","Appropriations/Grants","American Legacy Foundation","$","197,312.00","07/09-06/10"
"2010","Pennsylvania","UIC","Funding","Appropriations/Grants","Robert Wood Johnson Foundation","$","41,000.00","07/09-06/10"
"2010","Pennsylvania","UIC","Funding","Appropriations/Grants","Total","$","19,763,703.00",""
"2010","Pennsylvania","UIC","Funding","Appropriations/Grants","Total Per Capita","$","1.55",""
"2009","Pennsylvania","UIC","Funding","Appropriations/Grants","State","$","32,054,000.00","07/08-06/09†"
"2009","Pennsylvania","UIC","Funding","Appropriations/Grants","Federal","$","1,062,934.00","07/08-03/09‡"
"2009","Pennsylvania","UIC","Funding","Appropriations/Grants","American Legacy Foundation","$","370,142.00","07/08-06/09"
"2009","Pennsylvania","UIC","Funding","Appropriations/Grants","Robert Wood Johnson Foundation","$","61,000.00","07/08-06/09"
"2009","Pennsylvania","UIC","Funding","Appropriations/Grants","Total","$","33,548,076.00",""
"2009","Pennsylvania","UIC","Funding","Appropriations/Grants","Total Per Capita","$","2.65",""
"2008","Pennsylvania","UIC","Funding","Appropriations/Grants","State","$","31,673,000.00","07/07-06/08†"
"2008","Pennsylvania","UIC","Funding","Appropriations/Grants","Federal","$","1,417,245.00","07/07-06/08‡"
"2008","Pennsylvania","UIC","Funding","Appropriations/Grants","American Legacy Foundation","$","384,641.00","07/07-06/08"
"2008","Pennsylvania","UIC","Funding","Appropriations/Grants","Robert Wood Johnson Foundation","$","50,000.00","07/07-06/08"
"2008","Pennsylvania","UIC","Funding","Appropriations/Grants","Total","$","33,524,886.00",""
"2008","Pennsylvania","UIC","Funding","Appropriations/Grants","Total Per Capita","$","2.66",""
"2007","Pennsylvania","UIC","Funding","Appropriations/Grants","State","$","30,260,000.00","07/06-06/07†"
"2007","Pennsylvania","UIC","Funding","Appropriations/Grants","Federal","$","1,409,400.00","07/06-06/07‡"
"2007","Pennsylvania","UIC","Funding","Appropriations/Grants","American Legacy Foundation","$","165,830.00","07/06-06/07"
"2007","Pennsylvania","UIC","Funding","Appropriations/Grants","Robert Wood Johnson Foundation","$","18,625.00","07/06-06/07"
"2007","Pennsylvania","UIC","Funding","Appropriations/Grants","Total","$","31,853,855.00",""
"2007","Pennsylvania","UIC","Funding","Appropriations/Grants","Total Per Capita","$","2.54",""
"2006","Pennsylvania","UIC","Funding","Appropriations/Grants","State","$","32,963,000.00","07/05-06/06†"
"2006","Pennsylvania","UIC","Funding","Appropriations/Grants","Federal","$","1,537,949.00","07/05-06/06‡"
"2006","Pennsylvania","UIC","Funding","Appropriations/Grants","American Legacy Foundation","$","260,596.00","07/05-06/06"
"2006","Pennsylvania","UIC","Funding","Appropriations/Grants","Robert Wood Johnson Foundation","$","26,074.00","07/05-06/06"
"2006","Pennsylvania","UIC","Funding","Appropriations/Grants","Total","$","34,787,619.00",""
"2006","Pennsylvania","UIC","Funding","Appropriations/Grants","Total Per Capita","$","2.78",""
"2005","Pennsylvania","UIC","Funding","Appropriations/Grants","State","$","46,082,000.00","07/04-06/05†"
"2005","Pennsylvania","UIC","Funding","Appropriations/Grants","Federal","$","1,260,000.00","06/04-05/05‡"
"2005","Pennsylvania","UIC","Funding","Appropriations/Grants","American Legacy Foundation","$","526,977.00","07/04-06/05"
"2005","Pennsylvania","UIC","Funding","Appropriations/Grants","Robert Wood Johnson Foundation","$","0.00","07/04-06/05"
"2005","Pennsylvania","UIC","Funding","Appropriations/Grants","Total","$","47,868,977.00",""
"2005","Pennsylvania","UIC","Funding","Appropriations/Grants","Total Per Capita","$","3.85",""
"2004","Pennsylvania","UIC","Funding","Appropriations/Grants","State","$","51,797,000.00","07/03-06/04†"
"2004","Pennsylvania","UIC","Funding","Appropriations/Grants","Federal","$","1,260,000.00","06/03-05/04‡"
"2004","Pennsylvania","UIC","Funding","Appropriations/Grants","American Legacy Foundation","$","648,222.00","07/03-06/04"
"2004","Pennsylvania","UIC","Funding","Appropriations/Grants","Robert Wood Johnson Foundation","$","311,677.00","07/03-06/04"
"2004","Pennsylvania","UIC","Funding","Appropriations/Grants","Total","$","54,016,899.00",""
"2004","Pennsylvania","UIC","Funding","Appropriations/Grants","Total Per Capita","$","4.35",""
"2003","Pennsylvania","UIC","Funding","Appropriations/Grants","State","$","52,023,000.00","07/02-06/03†"
"2003","Pennsylvania","UIC","Funding","Appropriations/Grants","Federal","$","1,260,000.00","06/02-05/03‡"
"2003","Pennsylvania","UIC","Funding","Appropriations/Grants","American Legacy Foundation","$","307,279.00","07/02-06/03"
"2003","Pennsylvania","UIC","Funding","Appropriations/Grants","Robert Wood Johnson Foundation","$","415,570.00","07/02-06/03"
"2003","Pennsylvania","UIC","Funding","Appropriations/Grants","Total","$","54,005,849.00",""
"2003","Pennsylvania","UIC","Funding","Appropriations/Grants","Total Per Capita","$","4.36",""
"2002","Pennsylvania","UIC","Funding","Appropriations/Grants","State","$","41,402,000.00","07/01-06/02†"
"2002","Pennsylvania","UIC","Funding","Appropriations/Grants","Federal","$","1,260,000.00","06/01-05/02‡"
"2002","Pennsylvania","UIC","Funding","Appropriations/Grants","American Legacy Foundation","$","47,637.00","07/01-06/02"
"2002","Pennsylvania","UIC","Funding","Appropriations/Grants","Robert Wood Johnson Foundation","$","217,964.00","07/01-06/02"
"2002","Pennsylvania","UIC","Funding","Appropriations/Grants","Total","$","42,927,601.00",""
"2002","Pennsylvania","UIC","Funding","Appropriations/Grants","Total Per Capita","$","3.48",""
"2015","Wisconsin","UIC","Funding","Appropriations/Grants","State","$","5,315,000.00","07/14-06/15†"
"2015","Wisconsin","UIC","Funding","Appropriations/Grants","Federal","$","2,184,436.00","04/14-03/15‡"
"2015","Wisconsin","UIC","Funding","Appropriations/Grants","American Legacy Foundation","$","0.00",""
"2015","Wisconsin","UIC","Funding","Appropriations/Grants","Robert Wood Johnson Foundation","$","0.00",""
"2015","Wisconsin","UIC","Funding","Appropriations/Grants","Total","$","7,499,436.00",""
"2015","Wisconsin","UIC","Funding","Appropriations/Grants","Total Per Capita","$","1.30",""
"2014","Wisconsin","UIC","Funding","Appropriations/Grants","State","$","5,315,000.00","07/13-06/14†"
"2014","Wisconsin","UIC","Funding","Appropriations/Grants","Federal","$","1,810,469.00","04/13-03/14‡"
"2014","Wisconsin","UIC","Funding","Appropriations/Grants","American Legacy Foundation","$","0.00",""
"2014","Wisconsin","UIC","Funding","Appropriations/Grants","Robert Wood Johnson Foundation","$","0.00",""
"2014","Wisconsin","UIC","Funding","Appropriations/Grants","Total","$","7,125,469.00",""
"2014","Wisconsin","UIC","Funding","Appropriations/Grants","Total Per Capita","$","1.24",""
"2013","Wisconsin","UIC","Funding","Appropriations/Grants","State","$","5,315,000.00","07/12-06/13†"
"2013","Wisconsin","UIC","Funding","Appropriations/Grants","Federal","$","1,933,792.00","04/12-03/13‡"
"2013","Wisconsin","UIC","Funding","Appropriations/Grants","American Legacy Foundation","$","0.00",""
"2013","Wisconsin","UIC","Funding","Appropriations/Grants","Robert Wood Johnson Foundation","$","0.00",""
"2013","Wisconsin","UIC","Funding","Appropriations/Grants","Total","$","7,248,792.00",""
"2013","Wisconsin","UIC","Funding","Appropriations/Grants","Total Per Capita","$","1.26",""
"2012","Wisconsin","UIC","Funding","Appropriations/Grants","State","$","5,315,000.00","07/11-06/12†"
"2012","Wisconsin","UIC","Funding","Appropriations/Grants","Federal","$","2,889,310.00","04/11-03/12‡"
"2012","Wisconsin","UIC","Funding","Appropriations/Grants","American Legacy Foundation","$","0.00",""
"2012","Wisconsin","UIC","Funding","Appropriations/Grants","Robert Wood Johnson Foundation","$","0.00",""
"2012","Wisconsin","UIC","Funding","Appropriations/Grants","Total","$","8,204,310.00",""
"2012","Wisconsin","UIC","Funding","Appropriations/Grants","Total Per Capita","$","1.43",""
"2011","Wisconsin","UIC","Funding","Appropriations/Grants","State","$","6,850,000.00","07/10-06/11†"
"2011","Wisconsin","UIC","Funding","Appropriations/Grants","Federal","$","2,577,512.00","04/10-03/11‡"
"2011","Wisconsin","UIC","Funding","Appropriations/Grants","American Legacy Foundation","$","4,901.00","07/10-06/11"
"2011","Wisconsin","UIC","Funding","Appropriations/Grants","Robert Wood Johnson Foundation","$","52,789.00","07/10-06/11"
"2011","Wisconsin","UIC","Funding","Appropriations/Grants","Total","$","9,485,202.00",""
"2011","Wisconsin","UIC","Funding","Appropriations/Grants","Total Per Capita","$","1.66",""
"2010","Wisconsin","UIC","Funding","Appropriations/Grants","State","$","6,850,000.00","07/09-06/10†"
"2010","Wisconsin","UIC","Funding","Appropriations/Grants","Federal","$","1,305,021.00","04/09-03/10‡"
"2010","Wisconsin","UIC","Funding","Appropriations/Grants","American Legacy Foundation","$","31,295.00","07/09-06/10"
"2010","Wisconsin","UIC","Funding","Appropriations/Grants","Robert Wood Johnson Foundation","$","173,547.00","07/09-06/10"
"2010","Wisconsin","UIC","Funding","Appropriations/Grants","Total","$","8,359,863.00",""
"2010","Wisconsin","UIC","Funding","Appropriations/Grants","Total Per Capita","$","1.47",""
"2009","Wisconsin","UIC","Funding","Appropriations/Grants","State","$","15,250,000.00","07/08-06/09†"
"2009","Wisconsin","UIC","Funding","Appropriations/Grants","Federal","$","981,707.00","07/08-03/09‡"
"2009","Wisconsin","UIC","Funding","Appropriations/Grants","American Legacy Foundation","$","114,192.00","07/08-06/09"
"2009","Wisconsin","UIC","Funding","Appropriations/Grants","Robert Wood Johnson Foundation","$","161,195.00","07/08-06/09"
"2009","Wisconsin","UIC","Funding","Appropriations/Grants","Total","$","16,507,094.00",""
"2009","Wisconsin","UIC","Funding","Appropriations/Grants","Total Per Capita","$","2.91",""
"2008","Wisconsin","UIC","Funding","Appropriations/Grants","State","$","15,000,000.00","07/07-06/08†"
"2008","Wisconsin","UIC","Funding","Appropriations/Grants","Federal","$","1,308,942.00","07/07-06/08‡"
"2008","Wisconsin","UIC","Funding","Appropriations/Grants","American Legacy Foundation","$","62,497.00","07/07-06/08"
"2008","Wisconsin","UIC","Funding","Appropriations/Grants","Robert Wood Johnson Foundation","$","5,000.00","07/07-06/08"
"2008","Wisconsin","UIC","Funding","Appropriations/Grants","Total","$","16,376,439.00",""
"2008","Wisconsin","UIC","Funding","Appropriations/Grants","Total Per Capita","$","2.90",""
"2007","Wisconsin","UIC","Funding","Appropriations/Grants","State","$","10,000,000.00","07/06-06/07†"
"2007","Wisconsin","UIC","Funding","Appropriations/Grants","Federal","$","1,350,289.00","07/06-06/07‡"
"2007","Wisconsin","UIC","Funding","Appropriations/Grants","American Legacy Foundation","$","85,993.00","07/06-06/07"
"2007","Wisconsin","UIC","Funding","Appropriations/Grants","Robert Wood Johnson Foundation","$","0.00","07/06-06/07"
"2007","Wisconsin","UIC","Funding","Appropriations/Grants","Total","$","11,436,282.00",""
"2007","Wisconsin","UIC","Funding","Appropriations/Grants","Total Per Capita","$","2.04",""
"2006","Wisconsin","UIC","Funding","Appropriations/Grants","State","$","10,000,000.00","07/05-06/06†"
"2006","Wisconsin","UIC","Funding","Appropriations/Grants","Federal","$","1,357,789.00","07/05-06/06‡"
"2006","Wisconsin","UIC","Funding","Appropriations/Grants","American Legacy Foundation","$","176,124.00","07/05-06/06"
"2006","Wisconsin","UIC","Funding","Appropriations/Grants","Robert Wood Johnson Foundation","$","0.00","07/05-06/06"
"2006","Wisconsin","UIC","Funding","Appropriations/Grants","Total","$","11,533,913.00",""
"2006","Wisconsin","UIC","Funding","Appropriations/Grants","Total Per Capita","$","2.07",""
"2005","Wisconsin","UIC","Funding","Appropriations/Grants","State","$","10,000,000.00","07/04-06/05†"
"2005","Wisconsin","UIC","Funding","Appropriations/Grants","Federal","$","1,141,265.00","06/04-05/05‡"
"2005","Wisconsin","UIC","Funding","Appropriations/Grants","American Legacy Foundation","$","202,045.00","07/04-06/05"
"2005","Wisconsin","UIC","Funding","Appropriations/Grants","Robert Wood Johnson Foundation","$","71,429.00","07/04-06/05"
"2005","Wisconsin","UIC","Funding","Appropriations/Grants","Total","$","11,414,739.00",""
"2005","Wisconsin","UIC","Funding","Appropriations/Grants","Total Per Capita","$","2.06",""
"2004","Wisconsin","UIC","Funding","Appropriations/Grants","State","$","10,000,000.00","07/03-06/04†"
"2004","Wisconsin","UIC","Funding","Appropriations/Grants","Federal","$","1,141,265.00","06/03-05/04‡"
"2004","Wisconsin","UIC","Funding","Appropriations/Grants","American Legacy Foundation","$","218,799.00","07/03-06/04"
"2004","Wisconsin","UIC","Funding","Appropriations/Grants","Robert Wood Johnson Foundation","$","428,571.00","07/03-06/04"
"2004","Wisconsin","UIC","Funding","Appropriations/Grants","Total","$","11,788,635.00",""
"2004","Wisconsin","UIC","Funding","Appropriations/Grants","Total Per Capita","$","2.14",""
"2003","Wisconsin","UIC","Funding","Appropriations/Grants","State","$","15,500,000.00","07/02-06/03†"
"2003","Wisconsin","UIC","Funding","Appropriations/Grants","Federal","$","1,298,146.00","06/02-05/03‡"
"2003","Wisconsin","UIC","Funding","Appropriations/Grants","American Legacy Foundation","$","107,782.00","07/02-06/03"
"2003","Wisconsin","UIC","Funding","Appropriations/Grants","Robert Wood Johnson Foundation","$","428,571.00","07/02-06/03"
"2003","Wisconsin","UIC","Funding","Appropriations/Grants","Total","$","17,334,499.00",""
"2003","Wisconsin","UIC","Funding","Appropriations/Grants","Total Per Capita","$","3.16",""
"2002","Wisconsin","UIC","Funding","Appropriations/Grants","State","$","15,000,000.00","07/01-06/02†"
"2002","Wisconsin","UIC","Funding","Appropriations/Grants","Federal","$","1,214,455.00","06/01-05/02‡"
"2002","Wisconsin","UIC","Funding","Appropriations/Grants","American Legacy Foundation","$","13,824.00","07/01-06/02"
"2002","Wisconsin","UIC","Funding","Appropriations/Grants","Robert Wood Johnson Foundation","$","428,571.00","07/01-06/02"
"2002","Wisconsin","UIC","Funding","Appropriations/Grants","Total","$","16,656,850.00",""
"2002","Wisconsin","UIC","Funding","Appropriations/Grants","Total Per Capita","$","3.06",""
